track_id,title,artist,bpm,musical_key,loudness_lufs,energy,danceability,valence,acousticness,instrumentalness,vocal_presence,intro_length_sec,outro_fade,analyzed_at,feature_source,notes
016eaa7ad8751ca9c41c264105c17d13f1ce4988a9e42f0b92de9e3b612672f8,Want Want,Maggie Rogers,,,,4,3,3,,,4,,,2026-07-06T05:10:31.325+00:00,heuristic_or_llm_inferred,missing_bpm
02727e4f165c5c2fd6cea7fabea3cf75c5cff590904e3961e513d9fa2ea5684d,Drama,aespa,,,,4,4,3,,,4,,,2026-07-06T04:56:34.142+00:00,heuristic_or_llm_inferred,missing_bpm
02799b14bf0c47d8fc519a1636f3fc1a69d42bca771778850baabe9bdf551268,golden hour,JVKE,,,,3,3,3,,,4,,,2026-07-06T05:07:30.221+00:00,heuristic_or_llm_inferred,missing_bpm
0371753662ca651ed824d209c1dbc06c3e48cb88f79e837b6b6bfae78c2de0f7,小城夏天,LBI利比,,,,2,2,3,,,4,,,2026-07-06T05:07:03.184+00:00,heuristic_or_llm_inferred,missing_bpm
04b70002748349f51a59a38c628a83c67a388b23d0346d350b98976150d740de,Prada,cassö;RAYE;D-Block Europe,,,,5,5,4,,,4,,,2026-07-06T04:56:57.245+00:00,heuristic_or_llm_inferred,missing_bpm
077f7af7c328a0004cf27243b14b2c9e615ae94c667c81eb0d9f510a7328dec3,Trendsetter,Connor Price;Haviah Mighty,,,,4,3,4,,,4,,,2026-07-06T04:57:03.949+00:00,heuristic_or_llm_inferred,missing_bpm
08daf2399d5fd370ef5d74a3e0ba5ad2832e943b9f296c58a85af0539dcdd75f,Natural,Imagine Dragons,,,,3,3,3,,,4,,,2026-07-06T05:08:30.933+00:00,heuristic_or_llm_inferred,missing_bpm
09723ac1dc6da6bf08163de517ae5bdb15d6bda46e03077b7d20892e6d4f2507,Born Again ft. Doja Cat & RAYE,LISA;Doja Cat;RAYE,,,,5,5,4,,,4,,,2026-07-06T04:56:52.379+00:00,heuristic_or_llm_inferred,missing_bpm
0ac335ca05ad572692ce761608e77048828c011d31eb7d9313275bf6ef50f665,supernatural,Ariana Grande,,,,5,5,4,,,4,,,2026-07-06T04:56:56.139+00:00,heuristic_or_llm_inferred,missing_bpm
0aebb796e3884848a4e1bfffe2252e2b7c40ab5468a16b47f074a9a296f1a0a8,BIRDS OF A FEATHER,Billie Eilish,,,,2,3,3,,,4,,,2026-07-06T05:09:32.717+00:00,heuristic_or_llm_inferred,missing_bpm
0dc4b82d3c3eb14d41b6eaee6ff149847f434596413015394feb0c14c341b5cc,Apple,Charli xcx,,,,5,5,4,,,4,,,2026-07-06T04:56:44.067+00:00,heuristic_or_llm_inferred,missing_bpm
0ea1a7a7834f15aafd4cb0c93dae81738cf685ad126066c4866ea90d5f38e975,Someone You Loved,Lewis Capaldi,,,,3,3,3,,,4,,,2026-07-06T05:11:03.052+00:00,heuristic_or_llm_inferred,missing_bpm
0ff9b29122bf131f7d8c8c9f4f2b42c1be696e8dbd4c84d5c33293f86cddeae1,"Girl, so confusing (2025科切拉音乐节现场)",Charli xcx、Lorde,,,,5,5,4,,,4,,,2026-07-06T04:57:41.705+00:00,heuristic_or_llm_inferred,missing_bpm
103073e0ea3cd0fd081ed1e818be574a073e37b7ce6a6c099f8339df398db526,You & Me,JENNIE,,,,5,5,4,,,4,,,2026-07-06T04:57:55.189+00:00,heuristic_or_llm_inferred,missing_bpm
11a5d5f76f6f31ce3d6c85b74dbec4f89344c44c7d6c5294143a2b2aeaf46c60,good 4 u (Explicit),Olivia Rodrigo,,,,4,4,3,,,4,,,2026-07-06T05:12:13.049+00:00,heuristic_or_llm_inferred,missing_bpm
11b36a9891865861761dec4a582f8833cf911ac32f4a56a8b2a3b1cf40abd4c3,Illusion,Dua Lipa,,,,5,5,4,,,4,,,2026-07-06T04:57:37.892+00:00,heuristic_or_llm_inferred,missing_bpm
137461daa02bfb5fdbd91033eef4ad8be4fb6a73f71e3f633a4c348fae61c967,Please Please Please (Explicit),Sabrina Carpenter,,,,5,5,4,,,4,,,2026-07-06T04:56:39.509+00:00,heuristic_or_llm_inferred,missing_bpm
138d1a69b88ec834c22b5a045c0f4410a6a67af50299c1785b9a871d951963ef,Home To Another One,Madison Beer,,,,5,5,4,,,4,,,2026-07-06T04:57:06.784+00:00,heuristic_or_llm_inferred,missing_bpm
13ff19db77fe2b64cd7fa1f1aa256aeac151d47e5d14a5319e9cf49aac0527ed,JUMP,BLACKPINK,,,,4,4,3,,,4,,,2026-07-06T04:56:51.695+00:00,heuristic_or_llm_inferred,missing_bpm
143059b436b59932ef4ea145c1fdb50a494bfdf956edf3ae85e596b2eb457976,SHOOTING STAR,XG,,,,4,4,3,,,4,,,2026-07-06T04:56:30.464+00:00,heuristic_or_llm_inferred,missing_bpm
1456d6d6646cd870f5bd38d3c2c76af4d71c35b4ba1cb630e9abd34dc1bd8b21,Used To Be Young,Miley Cyrus,,,,5,5,4,,,4,,,2026-07-06T04:57:57.685+00:00,heuristic_or_llm_inferred,missing_bpm
14605a70b76b62ec190391086970c1cde1e31c739d5742f61b2797c634071eb3,deja vu (Explicit),Olivia Rodrigo,,,,4,3,3,,,4,,,2026-07-06T05:09:02.471+00:00,heuristic_or_llm_inferred,missing_bpm
154a942a279ee919fda6f7344f2b9bb9d2d4fd72b5e6224baa12ef0c8b3b8633,美人计,蔡依林,,,,4,3,3,,,4,,,2026-07-06T05:10:04.282+00:00,heuristic_or_llm_inferred,missing_bpm
15ca4cbef5dcf0dfe65901265739845e3f942a4b8f28275beeed8b078e8d8bda,Daisy (Explicit),Ashnikko,,,,4,3,3,,,4,,,2026-07-06T05:11:00.274+00:00,heuristic_or_llm_inferred,missing_bpm
164a587eca9103f853d8d389e4ba898dc0bbe7e472cb52079bd5dc22abe0d762,"Good Luck, Babe!",Chappell Roan,,,,4,3,3,,,4,,,2026-07-06T05:11:30.489+00:00,heuristic_or_llm_inferred,missing_bpm
17aa59ceff0c3686f9911a0d22c86acb9375aefaa693992b1e3a622566423b67,Die 4 Me,Halsey,,,,3,3,3,,,4,,,2026-07-06T04:57:01.314+00:00,heuristic_or_llm_inferred,missing_bpm
17d3bb09a7e2e0326fa925e54f109d6f8c6a657f8f4dada89c59f6e337d95037,Apple,Charli xcx,,,,5,5,4,,,4,,,2026-07-06T04:57:53.179+00:00,heuristic_or_llm_inferred,missing_bpm
18708d26cf4b86598aef046f2f5044bafe94a09fd2206ffffeb0437862788e24,Boss Bitch,Doja Cat,,,,5,5,4,,,4,,,2026-07-06T04:57:09.741+00:00,heuristic_or_llm_inferred,missing_bpm
187a27d8f3fb9c4e48775979c78440291ffc5f693edafe1cad3f0cd37674c585,The Alchemy,Taylor Swift,,,,3,3,3,,,4,,,2026-07-06T05:08:03.592+00:00,heuristic_or_llm_inferred,missing_bpm
18dbac1f27aadb92ee7a57479c1eb4e7201bbfd5cd334f67428eca875d26df92,SOLO,JENNIE,,,,5,5,4,,,4,,,2026-07-06T04:58:00.532+00:00,heuristic_or_llm_inferred,missing_bpm
19276fcb7b430200f53763bbf6a7dcbd83361f1d75dc26787f9747252f29b70c,Guess,Charli xcx,,,,5,5,4,,,4,,,2026-07-06T04:57:40.664+00:00,heuristic_or_llm_inferred,missing_bpm
1968fd851b453639bd6222fea331156049a5170d58e445c004db0081350d6054,Demons,Doja Cat,,,,5,5,4,,,4,,,2026-07-06T04:56:59.975+00:00,heuristic_or_llm_inferred,missing_bpm
1a7cefe788d9aa91bd3cd5d1a8c7e0411e0fc3d367ce9ce3117624f9d5622f7b,Woman,Doja Cat,,,,5,5,4,,,4,,,2026-07-06T04:56:54.991+00:00,heuristic_or_llm_inferred,missing_bpm
1afd6bf7e15b79ab3c791a533cc7428bffabbc337793128f38e7cbabac7b7d4b,earthquake,JISOO,,,,5,5,4,,,4,,,2026-07-06T04:56:52.47+00:00,heuristic_or_llm_inferred,missing_bpm
1c53efeceb7a8d7d88b20b271b55bcfad0326d1c9739a3c2815f1fe6ff42ed26,WOKE UP,XG,,,,4,4,3,,,4,,,2026-07-06T04:56:27.724+00:00,heuristic_or_llm_inferred,missing_bpm
1c93f53071a6d3a40747192d9c92c15b35eb7bd4913e7b160fc0c09c76ef2cf9,Bad Habit (Explicit),Steve Lacy,,,,4,3,3,,,4,,,2026-07-06T05:11:28.922+00:00,heuristic_or_llm_inferred,missing_bpm
1f4a510819653eadc246cf63d82d6d23badf8bfabed40a9b1ee11c15dff97b08,Lalala,Y2K;bbno$,,,,4,3,4,,,4,,,2026-07-06T04:57:06.741+00:00,heuristic_or_llm_inferred,missing_bpm
1f68b26967c49b53c0f1e38a0c570510882cee5832840d95fdd13571640fcc7d,Accendio,IVE,,,,4,4,3,,,4,,,2026-07-06T04:56:35.995+00:00,heuristic_or_llm_inferred,missing_bpm
1f6cd868f9ef683b59dc2aabd3680d083a99e23a6e918610bb07bf726e016f69,Magnetic,ILLIT,,,,4,4,3,,,4,,,2026-07-06T04:56:31.971+00:00,heuristic_or_llm_inferred,missing_bpm
20e8fd998c7f4c56315d8f9094e8a3fdcda517e886f23e3e028a58a4d73774e0,爱你,王心凌,,,,3,3,3,,,4,,,2026-07-06T05:10:29.147+00:00,heuristic_or_llm_inferred,missing_bpm
214d22a112735c1abdb2cd9fc97c05ce9f9ae9f51bee3de48c8c11de35fbd735,Baddie,IVE,,,,4,4,3,,,4,,,2026-07-06T04:58:21.361+00:00,heuristic_or_llm_inferred,missing_bpm
21bd5e03a9135d12816a4dd4c3773d48d3fe8c8b48b62f296398f4b484a4aa5c,Escapism.,RAYE;070 Shake,,,,5,5,4,,,4,,,2026-07-06T04:57:02.046+00:00,heuristic_or_llm_inferred,missing_bpm
22bf688c02b4479697c321f7ef7145cd6f437ad6ce3143a1cd4dc2464dc6bb61,Either Way,IVE,,,,4,4,3,,,4,,,2026-07-06T04:58:13.532+00:00,heuristic_or_llm_inferred,missing_bpm
22df9cc4afbf7c01ee43f68a1c0bb3cbca2e222662248190f978aab2031cb3da,Slumber Party (feat. Princess Nokia),Ashnikko;Princess Nokia,,,,3,3,3,,,4,,,2026-07-06T04:57:05.077+00:00,heuristic_or_llm_inferred,missing_bpm
2761dba7431af1e8dd587921ed0297864c1d0cefd689216f79d696837b1f2855,Middle,DJ Snake;Bipolar Sunshine,,,,4,3,3,,,4,,,2026-07-06T05:10:58.185+00:00,heuristic_or_llm_inferred,missing_bpm
2871388823368f36964175742a476cb83b3ae1080ba538c58391c361835612df,toxic till the end,ROSÉ,,,,5,5,4,,,4,,,2026-07-06T04:56:44.959+00:00,heuristic_or_llm_inferred,missing_bpm
28d664983df5d1d95499be0569cd5f46a47d311569150682c7b91589dbdb48c7,Roses,The Chainsmokers;ROZES,,,,5,5,4,,,4,,,2026-07-06T04:57:29.705+00:00,heuristic_or_llm_inferred,missing_bpm
28e6d8ed3a903ee5e28ccd9d9ca69998b4f99125b86b7b218368d6c835a0deef,like JENNIE,JENNIE,,,,5,5,4,,,4,,,2026-07-06T04:56:50.476+00:00,heuristic_or_llm_inferred,missing_bpm
294d8cfc8fea820f49fd58f31d91135e3c5f9e287151abaff314dc09c45720f4,Heat Waves,Glass Animals,,,,4,3,3,,,4,,,2026-07-06T05:07:29.84+00:00,heuristic_or_llm_inferred,missing_bpm
299e2c98f6b9942dca982c38e2baa78efaee3ef7c2e2bb9dee8115f08e8b398b,Levitating,Dua Lipa,,,,5,5,4,,,4,,,2026-07-06T04:57:36.473+00:00,heuristic_or_llm_inferred,missing_bpm
2b3ec2e926334f17703465c67780675b1b52074b4ac24de614c2f48e55eaca29,倒数,G.E.M. 邓紫棋,,,,3,3,3,,,4,,,2026-07-06T05:07:27.094+00:00,heuristic_or_llm_inferred,missing_bpm
2cdf613e5978e93baf4b1505297d681b25b3d251edf64908f108edcffa6ade4e,MONTERO (Call Me By Your Name),Lil Nas X,,,,4,3,4,,,4,,,2026-07-06T04:58:05.29+00:00,heuristic_or_llm_inferred,missing_bpm
2ce50cdd9a15f0e10ccb029fc7ad40170e50727e554b4993cb87b31c34ea0d5f,Havana,Camila Cabello;Young Thug,,,,4,3,3,,,4,,,2026-07-06T05:09:02.987+00:00,heuristic_or_llm_inferred,missing_bpm
2d3de4d625a91b67ad14cfa42c93dfb7e861df13f7e4f561d1164bf79d5e3b34,Cupid,FIFTY FIFTY,,,,4,3,3,,,4,,,2026-07-06T05:09:04.078+00:00,heuristic_or_llm_inferred,missing_bpm
2e80b575f8a3e2d73d1557a203aea37088cc064ec05a2d2ad6bdf3bd9407ec98,INDUSTRY BABY (Explicit),Lil Nas X;Jack Harlow,,,,4,3,4,,,4,,,2026-07-06T04:58:08.469+00:00,heuristic_or_llm_inferred,missing_bpm
2e8f60495a8ef352ccfd4d0787de249235c6fb3a168af1fea87c20cd91bc2664,Supernova,aespa,,,,4,4,3,,,4,,,2026-07-06T04:56:30.076+00:00,heuristic_or_llm_inferred,missing_bpm
2ea9b5abacf1d1ca6a071291a808a38c8c1f54a84699fb384d5e6f810d159145,Worth It.,RAYE,,,,5,5,4,,,4,,,2026-07-06T04:56:54.326+00:00,heuristic_or_llm_inferred,missing_bpm
2f4a33ee133e9a77ae742e56449a2648e79ad1a3b179327013a45b223b6fc5b6,Ditto,NewJeans,,,,4,4,3,,,4,,,2026-07-06T04:58:15.563+00:00,heuristic_or_llm_inferred,missing_bpm
3040046c1c745cac00b46953cc72ba1b74c46431721bf6269abadc6098bdb91f,Darkside,Alan Walker;Au/Ra;Tomine Harket,,,,5,5,4,,,4,,,2026-07-06T04:57:45.063+00:00,heuristic_or_llm_inferred,missing_bpm
309bd47ce44b4c1cdd81b9eadc7b256e310918365816ee7ac5caf27894ef6728,7 rings,Ariana Grande,,,,5,5,4,,,4,,,2026-07-06T04:57:53.946+00:00,heuristic_or_llm_inferred,missing_bpm
32331b8fd7bf3b33a3a5eff8d8373a91899d50cdab68bb98fd09508a3d16b55f,Gone,ROSÉ,,,,5,5,4,,,4,,,2026-07-06T04:56:51.012+00:00,heuristic_or_llm_inferred,missing_bpm
341c0f788a7e95ae48a4e3d6980602730d1a37525fd85098310cabc6be35e28f,土坡上的狗尾草,卢润泽,,,,2,3,3,,,4,,,2026-07-06T05:10:33.438+00:00,heuristic_or_llm_inferred,missing_bpm
35ab60df9c714e1d2137c4fcbb73423ed9b5682e04bc83eb65f9c129fc8a3bcd,Training Season,Dua Lipa,,,,5,5,4,,,4,,,2026-07-06T04:57:25.147+00:00,heuristic_or_llm_inferred,missing_bpm
36476579f00a2e898d5e32fcadb062ff4d7c6a573628980cc9f1d3b58e8139fd,Don't Start Now,Dua Lipa,,,,5,5,4,,,4,,,2026-07-06T04:57:44.617+00:00,heuristic_or_llm_inferred,missing_bpm
371679ec5b2a678e732e55c902c5de649082bb69ee9fc950e4015b8b20d23563,光年之外,G.E.M. 邓紫棋,,,,3,3,3,,,4,,,2026-07-06T05:07:26.198+00:00,heuristic_or_llm_inferred,missing_bpm
38f72fe5864048b07784dea33f0502ee1f1cc66fcff60a340c288fe70cae5ceb,exes (Explicit),Tate McRae,,,,5,5,4,,,4,,,2026-07-06T04:56:59.234+00:00,heuristic_or_llm_inferred,missing_bpm
3985b86f740fbc636ad6018d3d7376abb824c78210a4f27da4c4ad7b7b993697,CHIHIRO,Billie Eilish,,,,3,2,2,,,4,,,2026-07-06T05:12:11.489+00:00,heuristic_or_llm_inferred,missing_bpm
39b39136a309402406aaebc7be1e7888925dea3c77a045f8174133db218e7996,Anti-Hero,Taylor Swift,,,,4,3,3,,,4,,,2026-07-06T05:09:06.155+00:00,heuristic_or_llm_inferred,missing_bpm
3ad6b9ba9f7bec411fd51b4dc515752ce2597e08dfcb6a358448797bea1fa1b8,Before You Go,Lewis Capaldi,,,,3,3,3,,,4,,,2026-07-06T04:58:20.941+00:00,heuristic_or_llm_inferred,missing_bpm
3c3f318b9b9206a30238154292d9517510660c3b8ca4070470e27be8989c553a,On Top Of The World,Imagine Dragons,,,,3,3,3,,,4,,,2026-07-06T05:11:29.346+00:00,heuristic_or_llm_inferred,missing_bpm
3ccddad387dcc1110c5720ab6f3b76afe6a9d14a29029c925785ae1e3fe1b97d,Paint The Town Red (Instrumental),Doja Cat,,,,5,5,4,,,1,,,2026-07-06T04:57:31.306+00:00,heuristic_or_llm_inferred,missing_bpm
3de88578cd68f443c57de6abeefe5c02ddd994ffe7d894f9b6d0d73956c007cb,Whiplash,aespa,,,,4,4,3,,,4,,,2026-07-06T04:56:28.228+00:00,heuristic_or_llm_inferred,missing_bpm
3e42e8dd25a11ee4ef94eeda59ef50d08681d03c8e0961a67e4f18516acc3b35,Angel Baby,Troye Sivan,,,,2,3,3,,,4,,,2026-07-06T05:11:00.684+00:00,heuristic_or_llm_inferred,missing_bpm
3ea7ff1bc8839664e73bd27a69ebb5c409cb5f91e6fc228a665a3e62c63b29e5,Paint The Town Red (Instrumental),Doja Cat,,,,5,5,4,,,1,,,2026-07-06T04:56:57.675+00:00,heuristic_or_llm_inferred,missing_bpm
3ed28a61e1aa0c4a22b185338dd4de92f0fb30242047e1cd9174a6430c077018,Super Graphic Ultra Modern Girl,Chappell Roan,,,,4,3,3,,,4,,,2026-07-06T05:07:27.578+00:00,heuristic_or_llm_inferred,missing_bpm
3eddf72cdfc044c1c711947271170201c2c49c11aa37f5ba9f740c89bc219615,LEFT RIGHT,XG,,,,4,4,3,,,4,,,2026-07-06T04:56:32.302+00:00,heuristic_or_llm_inferred,missing_bpm
405256d90fe8180cb1d78afc03d32cbb2fe39d836c33080d7d25283f61cc27f9,大鱼,周深,,,,3,2,3,,,4,,,2026-07-06T05:07:03.627+00:00,heuristic_or_llm_inferred,missing_bpm
40fe606f82062459503ac6cdfd621a69b6d6405dce42645d88bb9694ed212896,MASCARA,XG,,,,4,4,3,,,4,,,2026-07-06T04:56:31.435+00:00,heuristic_or_llm_inferred,missing_bpm
41c7daefe6feb611b461346dad8970f7061b0ef6c7eea7b23373f9470b72dd10,Don't Play,KSI;Anne-Marie;Digital Farm Animals,,,,4,3,3,,,4,,,2026-07-06T05:09:31.892+00:00,heuristic_or_llm_inferred,missing_bpm
4223ed1913a972011adece9b2d4efdf90361625c15d7dd1c96009c4bde83f0fb,超能力,G.E.M.邓紫棋,,,,4,3,3,,,4,,,2026-07-06T05:09:31.057+00:00,heuristic_or_llm_inferred,missing_bpm
4268cc01a3ffaba0335cabe73e3ebf83a16eea021db5939322f76c3fe0bb7cb6,Welcome to Chilis,Baby Gravy;Yung Gravy;bbno$,,,,4,3,4,,,4,,,2026-07-06T04:57:02.602+00:00,heuristic_or_llm_inferred,missing_bpm
4387d07c7c88af90599126e29b437d3d63b6c6f8d409c6f07aa0cf498659bd26,Water,Tyla,,,,4,3,3,,,4,,,2026-07-06T05:10:33.022+00:00,heuristic_or_llm_inferred,missing_bpm
44f6c44bcffdd10b204130106e70e6456b1ff288bb6fc2739279a5e152887414,It's ok I'm ok (Explicit),Tate McRae,,,,5,5,4,,,4,,,2026-07-06T04:56:58.681+00:00,heuristic_or_llm_inferred,missing_bpm
468c9fc7eeedf8b07bb15f7a040a0404dbe946fa550b3f463751ff92c7daa361,Life's A Mess (Explicit),Juice WRLD;Halsey,,,,3,3,3,,,4,,,2026-07-06T04:57:35.747+00:00,heuristic_or_llm_inferred,missing_bpm
46f544fb80e163b955cf8719b7a4684b267e0b8350f5d80d0086dd78a191af7a,Karma (Explicit),Taylor Swift,,,,4,3,3,,,4,,,2026-07-06T05:08:32.771+00:00,heuristic_or_llm_inferred,missing_bpm
483b42ab0b878a04f6d0cc6424a7d21c15a2f07aec6b53fd97abc036a26fb099,eternal sunshine,Ariana Grande,,,,5,5,4,,,4,,,2026-07-06T04:57:43.59+00:00,heuristic_or_llm_inferred,missing_bpm
48a4fda2457a4bfce3440bda8906f09051d3de732c0a24c786eacb0059b7e024,阿嬷,周林枫,,,,3,3,3,,,4,,,2026-07-06T05:09:30.628+00:00,heuristic_or_llm_inferred,missing_bpm
4a069eebf97591779d1f289cd208fa4a6f38c0174ab2bb309137d25539e4243c,木偶人,薛之谦,,,,3,2,3,,,4,,,2026-07-06T05:07:00.053+00:00,heuristic_or_llm_inferred,missing_bpm
4c75b36e77c8a4d36c7934335bea6ccad6985e8609fbbacfbb33c134eb60739c,Believer,Imagine Dragons,,,,5,4,4,,,4,,,2026-07-06T05:12:12.711+00:00,heuristic_or_llm_inferred,missing_bpm
4ce7d30b4c75c40721063948767436e19f43d070a2444733fb0978452e058d91,Dandelions,Ruth B.,,,,3,3,3,,,4,,,2026-07-06T05:09:03.335+00:00,heuristic_or_llm_inferred,missing_bpm
4f0c5f051b423a878fcc122efa5268cbf6568e99fd70e39b4890e76e0714ea7c,oops!,Yung Gravy,,,,4,4,4,,,4,,,2026-07-06T05:07:00.48+00:00,heuristic_or_llm_inferred,missing_bpm
4fc2e87818888278471850821d175192f313a141531437c09b431b6a4f0a4c50,Enemy,Imagine Dragons;JID;英雄联盟,,,,3,3,3,,,4,,,2026-07-06T05:11:30.866+00:00,heuristic_or_llm_inferred,missing_bpm
505b84bb739053b4cca80d92f19b73f3eb7f8bd8d2ff14518ddeb44e07025d35,LALISA,LISA,,,,5,5,4,,,4,,,2026-07-06T04:56:50.338+00:00,heuristic_or_llm_inferred,missing_bpm
50fff2ab373b07dd5b6d84a84d8186952f83d8070b83f8cdd20a135bc1684d49,WILDFLOWER,Billie Eilish,,,,3,3,3,,,4,,,2026-07-06T05:11:02.702+00:00,heuristic_or_llm_inferred,missing_bpm
52129e457658dbf8ddb2c1986eda17260ae4e49dc74bf5dc7c618cb2b7f8c27e,Drop,Connor Price;Zensery,,,,4,3,4,,,4,,,2026-07-06T04:57:08.225+00:00,heuristic_or_llm_inferred,missing_bpm
52ec10778b4a0dfa1d890b84479ca282cdc2c557e10c7f4aad07649829b3c60d,Cheap Thrills,Sia,,,,3,3,3,,,4,,,2026-07-06T04:58:17.589+00:00,heuristic_or_llm_inferred,missing_bpm
53365761a25aad8bd79c21fe5362d0a4fd702ee417790be1af314a92e38a0c56,STUPID (feat. Yung Baby Tate),Ashnikko;Baby Tate,,,,4,3,3,,,4,,,2026-07-06T05:11:28.426+00:00,heuristic_or_llm_inferred,missing_bpm
5486ff72afe77ed9fd175a0c5f09cd5f0e3581fb4d6ca2d301cbbd4320f3f302,Savage,aespa,,,,4,4,3,,,4,,,2026-07-06T04:56:32.003+00:00,heuristic_or_llm_inferred,missing_bpm
552d7357c391b93972a2233c1ffccb8ddfba8b7230f15d443128016bd7ecde39,Closer,The Chainsmokers;Halsey,,,,3,3,3,,,4,,,2026-07-06T04:57:48.969+00:00,heuristic_or_llm_inferred,missing_bpm
567c0707e6f04b44df5c476219f79fa896f3c4d723bf08d8dc71d04e2231bab0,Kids,MGMT,,,,3,3,3,,,4,,,2026-07-06T05:08:31.884+00:00,heuristic_or_llm_inferred,missing_bpm
574efc0a2781f04c170369fc8a6cbed13b18cd030e1719b69636d8674d63d315,SHEESH,BABYMONSTER,,,,4,4,3,,,4,,,2026-07-06T04:56:29.845+00:00,heuristic_or_llm_inferred,missing_bpm
575f4faec4e91da5eb49706e4ba3740e65d2bac35c11ec6c8acbd2d27fe4c8ca,3D,Jung Kook,,,,4,3,3,,,4,,,2026-07-06T05:11:01.865+00:00,heuristic_or_llm_inferred,missing_bpm
578cbaa88bcaf624264653d2e4c9eae1c0ebda8b073a2b2d7d3389a14e3087c3,I Feel It Coming,The Weeknd、Daft Punk,,,,4,3,3,,,4,,,2026-07-06T05:10:03.82+00:00,heuristic_or_llm_inferred,missing_bpm
58a4468f827ad751417cddd05ee41453f17899deefb2494d4c3e6c085c6dd71b,Take Me to Church,Hozier,,,,3,3,3,,,4,,,2026-07-06T05:12:40.035+00:00,heuristic_or_llm_inferred,missing_bpm
58aaa237475dcde0970af37a63bf9a0a7ac361882e76e877358f40ac150ace14,My Love Mine All Mine,Mitski,,,,3,3,3,,,4,,,2026-07-06T05:10:07.145+00:00,heuristic_or_llm_inferred,missing_bpm
58d3b0c86253afbdb5c9e0edf385ebc9485e40cf5e5d78178f311fbcc8625da4,Chaise Longue,Wet Leg,,,,4,3,3,,,4,,,2026-07-06T05:10:32.136+00:00,heuristic_or_llm_inferred,missing_bpm
5b739b6472c48d751b76457b07c977af5950c415b711e968bddf97722613f59b,UP!,Forrest Frank;Connor Price,,,,4,3,4,,,4,,,2026-07-06T04:57:03.121+00:00,heuristic_or_llm_inferred,missing_bpm
5cd3a03d0ef9fc163eb72afc87754d065f9e510eb13b98d91969516ba699ccd2,Chandelier,Sia,,,,3,3,3,,,4,,,2026-07-06T04:58:18.76+00:00,heuristic_or_llm_inferred,missing_bpm
5cfbfeaa2fb0ec57dd5e003ba02d7e42c681214e48e0baa983cd9c70a7b7fbb5,Electric Feel,MGMT,,,,5,3,3,,,4,,,2026-07-06T05:10:32.611+00:00,heuristic_or_llm_inferred,missing_bpm
5d429221b5510f4fa7c9ed9eb5be2e79753f5e51ea525e8b32990218960fa501,ZEN (Explicit),JENNIE,,,,5,5,4,,,4,,,2026-07-06T04:56:45.588+00:00,heuristic_or_llm_inferred,missing_bpm
5fa214e7021bb3e881bb67ca86ac227fa67708f6a956042b4b940ae73c094e0d,Moral of the Story,Ashe,,,,3,3,3,,,4,,,2026-07-06T05:07:28.499+00:00,heuristic_or_llm_inferred,missing_bpm
6192f8ac566c4f86a1e9fb9a0aacea56c8d0b3a4f36ef9b095c6ae2bf0b10a5f,Ur Mum (Explicit),Wet Leg,,,,4,3,3,,,4,,,2026-07-06T05:08:02.349+00:00,heuristic_or_llm_inferred,missing_bpm
61f497ea94763572f390d7781d8d921799a083631b1db349e53e210331bcf9ef,Feather (Explicit),Sabrina Carpenter,,,,5,5,4,,,4,,,2026-07-06T04:56:41.022+00:00,heuristic_or_llm_inferred,missing_bpm
64e61a7d8b333163733b3aacc3fec8454b27745d046b14bb46bd4d5e01d5b19a,abcdefu (Explicit),GAYLE,,,,4,4,3,,,4,,,2026-07-06T05:12:10.695+00:00,heuristic_or_llm_inferred,missing_bpm
650ac985d65a9875bb288affe11596f0fee92c8c61d35f55f92dca6949bfeedf,Super Shy,NewJeans,,,,5,4,3,,,4,,,2026-07-06T04:57:58.958+00:00,heuristic_or_llm_inferred,missing_bpm
67a3c55a26a68c9ed58f9803e612b738777affee59c0d0e37d4e423a06f7e755,All Eyes On Me,JISOO,,,,5,5,4,,,4,,,2026-07-06T04:56:52.533+00:00,heuristic_or_llm_inferred,missing_bpm
687d1f57eb4d6af71eb95bc0cddf9100d37b1350c899467048bab35b801e2b4f,怪美的,蔡依林,,,,4,3,3,,,4,,,2026-07-06T05:10:30.901+00:00,heuristic_or_llm_inferred,missing_bpm
6894128e0750086e1ed343b6b4188527c5e726eff7c791a69f1cd8022791301b,Without Me,Halsey,,,,3,3,3,,,4,,,2026-07-06T04:56:55.928+00:00,heuristic_or_llm_inferred,missing_bpm
68a16095271b66d55e1c8dac3a1250e05125a42bf8bf288bc9b77e061259e53a,360 (Explicit),Charli xcx,,,,5,5,4,,,4,,,2026-07-06T04:56:44.59+00:00,heuristic_or_llm_inferred,missing_bpm
6934843b49e470f328d309c6711736109babeebc10e29cba03bff20aad295b74,Eyes Closed,Ed Sheeran,,,,3,3,3,,,4,,,2026-07-06T05:08:00.026+00:00,heuristic_or_llm_inferred,missing_bpm
69be1254dcfb859716e2316e2e89b7c050064db6ffb3d3bc025873d45b96fab2,Fortnight,Taylor Swift;Post Malone,,,,4,3,3,,,4,,,2026-07-06T05:08:33.569+00:00,heuristic_or_llm_inferred,missing_bpm
6a395cb2797ff52d67dbc3794cef4f2bc5acb905541f8841af6621db1ad8a1e7,Cool About It,boygenius,,,,3,3,3,,,4,,,2026-07-06T05:11:02.292+00:00,heuristic_or_llm_inferred,missing_bpm
6ca5a653e0c98e5081896bb04cfc77c96a7b317fc96cf2f38741ccad285394db,TGIF,XG,,,,4,4,3,,,4,,,2026-07-06T04:56:28.283+00:00,heuristic_or_llm_inferred,missing_bpm
6cba6b47e5b95a8baab07c9a502bc5351a90f97ced1d061622b5ee4e0691c838,Bloom,Troye Sivan,,,,4,3,3,,,4,,,2026-07-06T05:09:05.368+00:00,heuristic_or_llm_inferred,missing_bpm
6d865a316f7df84b393926b79f696701ce733e089f71c91b0926590df8818014,Way Less Sad,AJR,,,,3,3,3,,,4,,,2026-07-06T05:12:42.517+00:00,heuristic_or_llm_inferred,missing_bpm
70fba6691c6def7f4390e7434342aa574dfd0767ac4a9e1cac93d9868d1f6469,Agora Hills,Doja Cat,,,,5,5,4,,,4,,,2026-07-06T04:57:01.778+00:00,heuristic_or_llm_inferred,missing_bpm
733ba1c028e3424ec790fed34b9e1e2712b6125db36cb58570b4280435241c7e,Not Strong Enough,boygenius,,,,3,3,3,,,4,,,2026-07-06T05:12:40.4+00:00,heuristic_or_llm_inferred,missing_bpm
73f4ae3f208c1d202fa2172f6cc939a8ae9bcc69060f188ba35cbd03ded9bde4,2002,Anne-Marie,,,,3,3,3,,,4,,,2026-07-06T05:08:29.532+00:00,heuristic_or_llm_inferred,missing_bpm
743ce2b61d75d50d764d927386aa16f22140f93fb81ad3a4f0303de21c664dab,"yes, and?",Ariana Grande,,,,5,5,4,,,4,,,2026-07-06T04:56:54.469+00:00,heuristic_or_llm_inferred,missing_bpm
746c5d205da3c2fbe98f7e60e9443c7c35668569f6cb525ed6307ff91a34cf11,CAKE,ITZY,,,,4,4,3,,,4,,,2026-07-06T04:58:19.359+00:00,heuristic_or_llm_inferred,missing_bpm
747410d9fc3f237172018ada4d0be132ffabe12e9c6843d6fcc255d8a44c28db,Spinnin,Connor Price;Bens,,,,4,3,4,,,4,,,2026-07-06T04:57:05.047+00:00,heuristic_or_llm_inferred,missing_bpm
764cc6c9729e065b54d86c8b0a458e66ec43c120951c08f289122be78f34c5e3,HOT TO GO!,Chappell Roan,,,,5,3,3,,,4,,,2026-07-06T05:12:41.629+00:00,heuristic_or_llm_inferred,missing_bpm
78f3b2ee5468f628a0c6dca664bf9da3fcd01ce8db3ade46824de916987fd78c,Rush,Troye Sivan,,,,4,3,3,,,4,,,2026-07-06T05:08:30.161+00:00,heuristic_or_llm_inferred,missing_bpm
79e21b7a1f723ed2cf72b667bd0020a9f59d7ee6e40ed3572de26a207c222999,Fast Car,Luke Combs,,,,3,3,3,,,4,,,2026-07-06T05:12:12.3+00:00,heuristic_or_llm_inferred,missing_bpm
7b6250cbecd5982608a319bd98d96a4f109731bbcb9f411a9aea39d2e42992b1,Moonlit Floor,LISA,,,,5,5,4,,,4,,,2026-07-06T04:56:47.661+00:00,heuristic_or_llm_inferred,missing_bpm
7bfab576725489089a2e3c880a950a264e238f25059c31bd806a9484396cd8ac,ETA,NewJeans,,,,4,4,3,,,4,,,2026-07-06T04:58:12.062+00:00,heuristic_or_llm_inferred,missing_bpm
7c1e416c5c8360ba9f21a1a0819d0a7c47e79474d61b32f7b7d0553bc08ba514,Drama,aespa,,,,4,4,3,,,4,,,2026-07-06T04:58:15.785+00:00,heuristic_or_llm_inferred,missing_bpm
7ec8bf6061c473aeabef26f8f73fbeed712d03590b87f327f3ae0984f7e3c6bd,Shivers,Ed Sheeran,,,,4,3,3,,,4,,,2026-07-06T05:10:05.885+00:00,heuristic_or_llm_inferred,missing_bpm
7f6f9d7fde69b2d6fce0c9e23570f79148f2991b007b15c2a34c391c0e8c9257,it boy,bbno$,,,,4,3,4,,,4,,,2026-07-06T04:57:06.701+00:00,heuristic_or_llm_inferred,missing_bpm
7fe8946007c1acb4c7d754bd35cfee931adb1affec3348eaec45a206ec577308,句号,G.E.M.邓紫棋,,,,3,3,3,,,4,,,2026-07-06T05:09:33.575+00:00,heuristic_or_llm_inferred,missing_bpm
7fed4b70bd4f6cfe40815cf6625eb812d138a67c0c09a37051036e56e6cdb948,Somebody That I Used to Know,Gotye;Kimbra,,,,3,3,3,,,4,,,2026-07-06T05:12:43.204+00:00,heuristic_or_llm_inferred,missing_bpm
80851efbc98ae26da48ffc04c36478fa44945b2ecb80af63842a71260c23264a,Working for the Knife,Mitski,,,,3,3,3,,,4,,,2026-07-06T05:10:30.495+00:00,heuristic_or_llm_inferred,missing_bpm
82745fe4c16420d0b9fb92d3673f0a9ca41fec2e73f57eaad5d4eaa013364317,Escapism.,070 Shake;RAYE,,,,5,5,4,,,4,,,2026-07-06T04:58:13.777+00:00,heuristic_or_llm_inferred,missing_bpm
8499eb86382964f528e54780738395ec4b2a71abe993d656f130775794819c76,Perfect Night,LE SSERAFIM,,,,4,4,3,,,4,,,2026-07-06T04:58:03.956+00:00,heuristic_or_llm_inferred,missing_bpm
861259e2b283f165b95f7175251921530b6d092689e8b9a882fc3501662a5e69,Ride It,Regard,,,,5,3,3,,,4,,,2026-07-06T05:08:30.557+00:00,heuristic_or_llm_inferred,missing_bpm
86addd48966662e4b2a49051629eb13f9a674309e11a10d5ce277ec232d44296,number one girl,ROSÉ,,,,5,5,4,,,4,,,2026-07-06T04:56:46.545+00:00,heuristic_or_llm_inferred,missing_bpm
881987254c549c73705497b79c61efc787dd3e34ff57e09598b25d2757d991cd,Lean On,Major Lazer;DJ Snake;MØ,,,,3,3,3,,,4,,,2026-07-06T04:58:05.952+00:00,heuristic_or_llm_inferred,missing_bpm
8834ab4018bb398955592fcf46add07e508911c5d95abdbf63422871ddbd7b52,Kitsch,IVE,,,,4,4,3,,,4,,,2026-07-06T04:56:32.914+00:00,heuristic_or_llm_inferred,missing_bpm
8836e17990d6f34a2a72ae3a1189f67106abc5fe87a5995c574d51c357986e30,On The Ground,ROSÉ,,,,5,5,4,,,4,,,2026-07-06T04:56:46.85+00:00,heuristic_or_llm_inferred,missing_bpm
895c59c54b80b3c995b8e1abecdeae3b3c85a1623c499e50278457852632d6a1,Bubble Gum,NewJeans,,,,4,4,3,,,4,,,2026-07-06T04:58:19.467+00:00,heuristic_or_llm_inferred,missing_bpm
89aa46b21a8eea916da51e2ed8b92ba165bedfeb24ce8f86892815b0c3a9ca3b,水星记,郭顶,,,,3,3,3,,,4,,,2026-07-06T05:10:30.055+00:00,heuristic_or_llm_inferred,missing_bpm
89aed1a6d0c112e9196049d38fd700d4860b32bcd83272e481d4a8c99970bb96,Pleasure,蔡依林,,,,4,3,3,,,4,,,2026-07-06T05:07:28.033+00:00,heuristic_or_llm_inferred,missing_bpm
8a6958a41bb1fb763536d3aa4cf9bde2125ebcec9a59fc2124c839eea3f3b34d,Armageddon,aespa,,,,4,4,3,,,4,,,2026-07-06T04:56:35.506+00:00,heuristic_or_llm_inferred,missing_bpm
8c1656e27cedf4b2467ee795c5d8286919c8d8eb01a0f3eae452a10693169cd3,OMG,NewJeans,,,,4,4,3,,,4,,,2026-07-06T04:58:03.93+00:00,heuristic_or_llm_inferred,missing_bpm
8c1fcd974837738c30fcf2a23c5b3f8389a1c5236a926192a34e699d2abad4c6,玫瑰少年,蔡依林,,,,3,2,3,,,4,,,2026-07-06T05:07:02.841+00:00,heuristic_or_llm_inferred,missing_bpm
8e5ad0dbc01deefa435a3c8c4d8e75b7c27f2df098c3049cb42a42bd92ecdf5c,Light Switch,Charlie Puth,,,,4,3,3,,,4,,,2026-07-06T05:10:05.142+00:00,heuristic_or_llm_inferred,missing_bpm
8e8329b969ff9991b8e7a4d33e9a2fb63a024b74e9861d26ff8b200b2f641221,Guess featuring Billie Eilish,Charli xcx;Billie Eilish,,,,5,5,4,,,4,,,2026-07-06T04:56:41.794+00:00,heuristic_or_llm_inferred,missing_bpm
8ec98c855023186c76d68a5aad4eaebb76ca78f84791230b526cf9ea8a8ed91b,Seven (Shadw Edit),Jung Kook、Latto、MK (JPN),,,,3,3,3,,,4,,,2026-07-06T04:58:01.155+00:00,heuristic_or_llm_inferred,missing_bpm
8f14e615758e61d62446772b770f22b0b32d6a4808aef7d7e68691dd06836b04,꽃 (FLOWER),JISOO,,,,5,5,4,,,4,,,2026-07-06T04:56:46.77+00:00,heuristic_or_llm_inferred,missing_bpm
8f232208cdcfd43140f85c71f500e8794e070dd333783db08af71fe152e6906a,大展鸿图,揽佬SKAI ISYOURGOD;AR刘夫阳,,,,3,3,3,,,4,,,2026-07-06T05:09:03.699+00:00,heuristic_or_llm_inferred,missing_bpm
8fbc3ba2b2228e1f144893c7fd57a0fac5f88070fd2f86403fffc5edf53fa0d4,"yes, and (Explicit)",Ariana Grande,,,,5,5,4,,,4,,,2026-07-06T04:57:22.781+00:00,heuristic_or_llm_inferred,missing_bpm
905c26b72b6b4a7292fef280f6c53a91d11da0927c0ab81a12d0a8fcd518478e,Betty (Get Money),Yung Gravy,,,,4,4,4,,,4,,,2026-07-06T05:07:01.005+00:00,heuristic_or_llm_inferred,missing_bpm
91efe7fec2155c3c8da5e6767c372404b47458d4b216e10cc6e11ededb2fd07f,CRAZY,LE SSERAFIM,,,,4,4,3,,,4,,,2026-07-06T04:56:34.511+00:00,heuristic_or_llm_inferred,missing_bpm
91f119be06b18ef5302614d2831e596a9f97647ed55f75120d41320f99bb5f7e,I AM,IVE,,,,4,4,3,,,4,,,2026-07-06T04:56:34.065+00:00,heuristic_or_llm_inferred,missing_bpm
938ef1efd232216853b454e5629ed30eef9d718bb7071e505722735482d5e24e,bad idea right (Explicit),Olivia Rodrigo,,,,4,4,3,,,4,,,2026-07-06T05:12:09.291+00:00,heuristic_or_llm_inferred,missing_bpm
9479c5b513bf5250787bce130f8e5e8eb6d21497f591e92b4643914cd3a263cb,Physical,Dua Lipa,,,,5,5,4,,,4,,,2026-07-06T04:56:37.607+00:00,heuristic_or_llm_inferred,missing_bpm
9516a34a417180ba2d4c047d759f4f965389fea1fb74820b9598e4a71164c284,Beautiful Things,Benson Boone,,,,3,3,3,,,4,,,2026-07-06T05:08:01.488+00:00,heuristic_or_llm_inferred,missing_bpm
9555829677bb30e1dcac56b65f52175070a19b7c427e24a245d6e5271bf3984e,vampire (Explicit),Olivia Rodrigo,,,,4,3,3,,,4,,,2026-07-06T05:08:01.973+00:00,heuristic_or_llm_inferred,missing_bpm
9566575156afa3a555020f71bc58ee6e3c0f1b5a4aa50fce06d39a0e236f510a,Sunroof,Nicky Youre;dazy,,,,4,5,5,,,4,,,2026-07-06T05:12:11.912+00:00,heuristic_or_llm_inferred,missing_bpm
97bf34bb0a05f9fee7b16c641687e511ebba7ffa860af3df93701998fdecc380,Hallucinate,Dua Lipa,,,,5,5,4,,,4,,,2026-07-06T04:56:42.795+00:00,heuristic_or_llm_inferred,missing_bpm
99a8fa129a969e1c5a4cdde35f6c36f1effb9544e0b1647afc8e17c8c5788b23,Bad Habits,Ed Sheeran,,,,4,3,3,,,4,,,2026-07-06T05:10:59.465+00:00,heuristic_or_llm_inferred,missing_bpm
9acaaa00c2a1833ce246bff02b279d5accd1ad7ae0eaa50018451645c56f9f4a,Give A Little,Maggie Rogers,,,,3,3,3,,,4,,,2026-07-06T05:08:33.175+00:00,heuristic_or_llm_inferred,missing_bpm
9b47721ce2953ee66cd37d67f0cb42c787221f833a7183772ac976f1b6580c4d,lovely,Billie Eilish;Khalid,,,,3,3,3,,,4,,,2026-07-06T05:07:28.991+00:00,heuristic_or_llm_inferred,missing_bpm
9b6611d6733b817078469ddfc60ea824abd42e90723f3bf29cc089a33c3cc68d,"break up with your girlfriend, i'm bored (Explicit)",Ariana Grande,,,,5,5,4,,,4,,,2026-07-06T04:57:49.455+00:00,heuristic_or_llm_inferred,missing_bpm
9bfac01774ee50b0f20036ab7d6ed71de1790a4c20b77b68b4143011ab4ce061,Sweet Relief,Madison Beer,,,,5,5,4,,,4,,,2026-07-06T04:57:03.553+00:00,heuristic_or_llm_inferred,missing_bpm
9cd7463fb9e10d210462310114993247f7c546585eedf1e4f5cbb2c5b39daedb,Smart,LE SSERAFIM,,,,4,4,3,,,4,,,2026-07-06T04:56:29.952+00:00,heuristic_or_llm_inferred,missing_bpm
9dc2cebc8bbd98e7fbf9b1a129f733532bb75fc498dc1ed0857bd7c1fe895137,美杜莎,蔡依林,,,,4,4,4,,,4,,,2026-07-06T05:07:02.423+00:00,heuristic_or_llm_inferred,missing_bpm
9ebc7fe590b2913879615f8115c3b246b2378009d887905e60297d92b310f608,"I am not a woman, I'm a god",Halsey,,,,3,3,3,,,4,,,2026-07-06T04:56:58.155+00:00,heuristic_or_llm_inferred,missing_bpm
a0f0153a2da716910d1cb9074723220b7f54d7ab3f69ce54dcf2cfcb38159852,Starboy (Explicit),The Weeknd;Daft Punk,,,,4,3,3,,,4,,,2026-07-06T05:11:32.254+00:00,heuristic_or_llm_inferred,missing_bpm
a14332efa15b4930e67789cf49dfec92a7583c56c6e12c53ac563f8a364f74fd,Pretty Savage,BLACKPINK,,,,4,4,3,,,4,,,2026-07-06T04:56:46.23+00:00,heuristic_or_llm_inferred,missing_bpm
a242afc15312c3df2da8ba7a95ca6cdeba6da2acdf833cc788e9beccecd8427a,Down Bad,Taylor Swift,,,,3,3,3,,,4,,,2026-07-06T05:09:34.027+00:00,heuristic_or_llm_inferred,missing_bpm
a29f25fec07f10054856f18116c3c7ae680a81fe0926aed7f6de6c0b1ed6f8ae,Attention,Charlie Puth,,,,4,3,3,,,4,,,2026-07-06T05:12:42.072+00:00,heuristic_or_llm_inferred,missing_bpm
a35d70b04defbbd2fceb2614f990eb944c0d1460f8508386212e69e58f169357,起风了,周深,,,,3,2,3,,,4,,,2026-07-06T05:07:02.051+00:00,heuristic_or_llm_inferred,missing_bpm
a3966c8bbdfcd7c6e8ce86c74db337fcc4278c5aca57641f336f01975d29dc7b,i like the way you kiss me,Artemas,,,,3,3,4,,,4,,,2026-07-06T05:12:09.964+00:00,heuristic_or_llm_inferred,missing_bpm
a446eeeffbd866ece8567991de9ebc5693159905bdd346bdf99b679a0478f9e5,Got Me Started,Troye Sivan,,,,4,3,3,,,4,,,2026-07-06T05:10:06.777+00:00,heuristic_or_llm_inferred,missing_bpm
a50df70b1b915025b0c8bb96d4f38e81a570081dd6efb961f91034edc3c47d6a,化身孤岛的鲸,周深,,,,3,3,3,,,4,,,2026-07-06T05:12:39.174+00:00,heuristic_or_llm_inferred,missing_bpm
a98415dec826983366cc73bded6fe8f971026c4ca97b0d38ca82f905aadba606,UNFORGIVEN (feat. Nile Rodgers),LE SSERAFIM;Nile Rodgers,,,,4,4,3,,,4,,,2026-07-06T04:56:28.449+00:00,heuristic_or_llm_inferred,missing_bpm
a990c8a36080f8b49e419067fa2630ee04af9c47fe55efb3e862b2d14852d180,Unstoppable,Sia,,,,3,3,3,,,4,,,2026-07-06T04:57:58.184+00:00,heuristic_or_llm_inferred,missing_bpm
a9aa015869302b77e27ba814c128ac7f8e86277be6b4cc2922e2cea771388f96,ExtraL,JENNIE;Doechii,,,,5,5,4,,,4,,,2026-07-06T04:56:48.807+00:00,heuristic_or_llm_inferred,missing_bpm
aa8d59d773164d6b1f1cc8203b226129b288bb9b616df0d074f0e75ea0db0f8e,bad idea right? (Explicit),Olivia Rodrigo,,,,4,4,4,,,4,,,2026-07-06T05:06:59.549+00:00,heuristic_or_llm_inferred,missing_bpm
ab3b98427d0942d800df4cc6b5c71ab32c67c3b441745c515cd01a1ee067dd2c,Mantra (Explicit),JENNIE,,,,5,5,4,,,4,,,2026-07-06T04:56:48.382+00:00,heuristic_or_llm_inferred,missing_bpm
ac63a31b99a4169f82989f98ff2cae4114ea0dcbac90616da6218f82fb3785fc,Dance The Night,Dua Lipa,,,,5,5,4,,,4,,,2026-07-06T04:56:42.399+00:00,heuristic_or_llm_inferred,missing_bpm
ae9e4e2791214c2089b43e8b2c564a6b6879809f59c885ab2805ff5e9f99d5ae,get him back! (Explicit),Olivia Rodrigo,,,,4,3,3,,,4,,,2026-07-06T05:11:31.883+00:00,heuristic_or_llm_inferred,missing_bpm
aed85c9e80da51b36a25b7063e81ae788f230bcfc2b469a7099d4c920fc98453,justified,Kacey Musgraves,,,,2,3,3,,,4,,,2026-07-06T05:12:41.267+00:00,heuristic_or_llm_inferred,missing_bpm
af5f708f8c30b91739fd6e40a55897f15e3a3d19788c0d3ea0fa403b1a1e65cc,"Eve, Psyche & the Bluebeard's wife (English Ver.)",LE SSERAFIM,,,,4,4,3,,,4,,,2026-07-06T04:56:33.694+00:00,heuristic_or_llm_inferred,missing_bpm
b17f031353ab4ade2d65616e14376b063f65ceda16234b663004b319922bef40,15 MINUTES,Madison Beer,,,,5,5,4,,,4,,,2026-07-06T04:57:08.671+00:00,heuristic_or_llm_inferred,missing_bpm
b19419c078db53ec46afb37e1f50f7a13b807ee4e2c2b6065528f690b616890f,Nightmare,Halsey,,,,4,3,3,,,4,,,2026-07-06T05:07:26.696+00:00,heuristic_or_llm_inferred,missing_bpm
b20627ff04546464a40873c8b8cdf470c1956cc26065b5f47a6f0c9326f8eb9f,Casual (Explicit),Chappell Roan,,,,4,3,3,,,4,,,2026-07-06T05:08:00.875+00:00,heuristic_or_llm_inferred,missing_bpm
b2413a2e1e74afd9ee9e7c3121521557dd5af6478caa2f1037f182e331b52a0c,Deeper Well,Kacey Musgraves,,,,3,3,3,,,4,,,2026-07-06T05:08:00.458+00:00,heuristic_or_llm_inferred,missing_bpm
b30f1d95423cd7b86e9bf696a4203a6b7334d62c5ed58279f3c9b7b33901abaa,Don't Start Now,Dua Lipa,,,,5,5,4,,,4,,,2026-07-06T04:56:41.539+00:00,heuristic_or_llm_inferred,missing_bpm
b5b3688c5394025bb623c442a5dc3a0be90d1c356890dd970c482d1882d27440,Taste,Sabrina Carpenter,,,,5,5,4,,,4,,,2026-07-06T04:56:37.579+00:00,heuristic_or_llm_inferred,missing_bpm
b79209a0ecd7d8cac7743724eaf5145391098b2a4791c18be7e8bce5bbf12104,凄美地,郭顶,,,,3,3,3,,,4,,,2026-07-06T05:12:42.855+00:00,heuristic_or_llm_inferred,missing_bpm
b7c1c603e9ee22c8f7fac65648580109edd5d1e30d967b8371fece1b93e14cf1,Like Crazy,Jimin,,,,4,3,3,,,4,,,2026-07-06T05:08:31.309+00:00,heuristic_or_llm_inferred,missing_bpm
bc2527f3cfaf49c15af2993ab35b5e0cabfd7325fe2e435ec878e208e6c19a34,Baby,Madison Beer,,,,5,5,4,,,4,,,2026-07-06T04:57:09.002+00:00,heuristic_or_llm_inferred,missing_bpm
bc8a525197d46676ad905e4f3546ddb9333269a6628b0cf5a4aee7d001fc7f8a,Sports car,Tate McRae,,,,5,5,4,,,4,,,2026-07-06T04:56:56.418+00:00,heuristic_or_llm_inferred,missing_bpm
bd00b3f2a444b1a5c7f4c4cd231e8181a1918d44ea1a4345d9a9e4ea02f74a38,Espresso (Explicit),Sabrina Carpenter,,,,5,5,4,,,4,,,2026-07-06T04:56:43.398+00:00,heuristic_or_llm_inferred,missing_bpm
bd5673775738546ab56aad350854720239994d45e33942f6f4ce2deecca38e44,As It Was,Harry Styles,,,,4,3,3,,,4,,,2026-07-06T05:08:03.17+00:00,heuristic_or_llm_inferred,missing_bpm
bd63c564bb2c7e344fb4ccbd099d1324b104d0992d0541804a20748c00f56643,Levitating,Dua Lipa,,,,5,5,4,,,4,,,2026-07-06T04:56:39.183+00:00,heuristic_or_llm_inferred,missing_bpm
be6a01789337008e93cae31f177535f6d779c0d8836fe6ba56bd2575d52eb29c,Something Just Like This,The Chainsmokers;Coldplay,,,,4,3,3,,,4,,,2026-07-06T05:10:05.552+00:00,heuristic_or_llm_inferred,missing_bpm
bee59dfc76b1dbd7195714daa739f6ad208929fc37c051b0da246b37bd2a0b78,Team,Iggy Azalea,,,,4,3,3,,,4,,,2026-07-06T05:12:40.846+00:00,heuristic_or_llm_inferred,missing_bpm
bf547264c3268a8c4b7fb37947f0aa45748d10925fa75d22cb86f72c0afcea89,bad guy,Billie Eilish,,,,4,3,3,,,4,,,2026-07-06T05:09:33.149+00:00,heuristic_or_llm_inferred,missing_bpm
c00420cdb2665db25dc55d46e79fd9dddfb4363380915c55fed2c6e13ccf49a5,I AM,IVE,,,,4,4,3,,,4,,,2026-07-06T04:58:08.939+00:00,heuristic_or_llm_inferred,missing_bpm
c053a9b5dde73d326f7276cd0e10d2e0be794a23e9a6eb6b4cffb2bd389a8b86,APT.,ROSÉ;Bruno Mars,,,,5,5,4,,,4,,,2026-07-06T04:56:52.987+00:00,heuristic_or_llm_inferred,missing_bpm
c05668b1ee2635961847685bde22dda8969f27f3bc117ea7d262371bc5bb1dd4,爱人错过,告五人,,,,3,3,3,,,4,,,2026-07-06T05:10:04.72+00:00,heuristic_or_llm_inferred,missing_bpm
c4d7f86cee417e126269a9f5d15b320f5134e68bb30aac584537427a02aaddb9,Physical,Dua Lipa,,,,5,5,4,,,4,,,2026-07-06T04:57:30.816+00:00,heuristic_or_llm_inferred,missing_bpm
c61a8480966f3bbd0492dc37461c0fb70ea0b07bac542c92cfcf7bf9042d5033,Faded,Alan Walker,,,,5,5,4,,,4,,,2026-07-06T04:57:42.343+00:00,heuristic_or_llm_inferred,missing_bpm
c65723e17aa5f45e6f7446d0eff3d36cd53347300598cf5a065a2c0283fa8c2d,Spicy,aespa,,,,4,4,3,,,4,,,2026-07-06T04:58:01.041+00:00,heuristic_or_llm_inferred,missing_bpm
c77ad5964d67cfd989d897897071e56ef4aa732c120e34b55445e18dc0e74f32,Unholy,Sam Smith;Kim Petras,,,,5,3,3,,,4,,,2026-07-06T05:08:02.729+00:00,heuristic_or_llm_inferred,missing_bpm
ca0d45bc6c554c580063d42c662d634fa05315d3cc47e59960425f1841e00baf,GHOST TOWN,Benson Boone,,,,4,3,3,,,4,,,2026-07-06T05:07:59.565+00:00,heuristic_or_llm_inferred,missing_bpm
cc4b366b4b5151e1bc7c320a6c8b0fddc7fe6be36c0f35276dc1e59fdb9deb97,悬溺,葛东琪,,,,3,3,3,,,4,,,2026-07-06T05:09:31.477+00:00,heuristic_or_llm_inferred,missing_bpm
d01f402449e146c9a22a407755dc040e0ebbea502a83a4b9b7a8a89a92c327c4,the boy is mine,Ariana Grande,,,,5,5,4,,,4,,,2026-07-06T04:56:55.897+00:00,heuristic_or_llm_inferred,missing_bpm
d038530279d8c543a37997d5f845202dadb76da4e4ca787a93f3ba022cc62734,飞鸟和蝉,任然,,,,3,3,3,,,4,,,2026-07-06T05:10:59.857+00:00,heuristic_or_llm_inferred,missing_bpm
d04349e2e7e474e4ad81466a3ce8b898c62cc85c0b21f21e02e1f39c50ecbb00,seasons,wave to earth,,,,2,3,3,,,4,,,2026-07-06T05:09:30.157+00:00,heuristic_or_llm_inferred,missing_bpm
d225846814eb0c5fe2682ddc68ffe6c1f93228dbc82cfc371359f058543d953c,bad,wave to earth,,,,3,3,3,,,4,,,2026-07-06T05:09:05.784+00:00,heuristic_or_llm_inferred,missing_bpm
d349684d87ab5b9a5227334d2d1b0bdfd7cc77a3582f9f15da3b9fc9d25bb9a3,One Of Your Girls,Troye Sivan,,,,3,3,3,,,4,,,2026-07-06T05:10:31.766+00:00,heuristic_or_llm_inferred,missing_bpm
d45beb0801ed4edc72aefdec4dbb4f31f3b5151ec462a55874f540f7c0ea338f,Dance The Night,Dua Lipa,,,,5,5,4,,,4,,,2026-07-06T04:57:46.854+00:00,heuristic_or_llm_inferred,missing_bpm
d45de23b906ecf890c417097ae59db46801b65cc8cb6743b41cb8bed8d65e010,10:35,Tiësto;Tate McRae,,,,5,5,4,,,4,,,2026-07-06T04:57:01.53+00:00,heuristic_or_llm_inferred,missing_bpm
d5605ab076023d3d79a5bff7c37ef1f3095675d73a2b4d49378191aeb595ea92,Von dutch (Explicit),Charli xcx,,,,5,5,4,,,4,,,2026-07-06T04:56:35.531+00:00,heuristic_or_llm_inferred,missing_bpm
d58911244f887d0f5d435d94b3ef3a84592d1e33435c5f0eed266e2f40304056,无人之岛,任然,,,,3,3,3,,,4,,,2026-07-06T05:11:01.49+00:00,heuristic_or_llm_inferred,missing_bpm
d6839900189400d46fdc276dd6008867b70c796fba291ce8070b31da2cdcc325,Say So,Doja Cat,,,,5,5,4,,,4,,,2026-07-06T04:57:29.479+00:00,heuristic_or_llm_inferred,missing_bpm
d6d7cd7ab3c7f510833217d8b57ce695787b9f1699852fc89f41a3bbc7a4a977,we can't be friends (wait for your love)(a cappella),Ariana Grande,,,,5,5,4,,,4,,,2026-07-06T04:57:24.008+00:00,heuristic_or_llm_inferred,missing_bpm
d756f70876968e03d0ad81dadaa847a76967632edb57d8b56bfbc563366f6942,Houdini,Dua Lipa,,,,5,5,4,,,4,,,2026-07-06T04:56:40.158+00:00,heuristic_or_llm_inferred,missing_bpm
d8fb2b4487758101c6e070f2d3f3669776c68560ee494e7f481a947991fd006b,Breaking Me,Topic;A7S,,,,4,3,3,,,4,,,2026-07-06T05:11:30.056+00:00,heuristic_or_llm_inferred,missing_bpm
db9d0d9abd23cf826f54722c44230ec1bb6b43af4bb18ab85c143dbf7b252403,Strangers,Kenya Grace,,,,4,3,3,,,4,,,2026-07-06T05:09:04.954+00:00,heuristic_or_llm_inferred,missing_bpm
dd0abd9c23c7694068b35a2b5d06f9e9ec89b2249b77717b61406c8f00e7284c,MONEY,LISA,,,,5,5,4,,,4,,,2026-07-06T04:56:48.593+00:00,heuristic_or_llm_inferred,missing_bpm
dda9168cbdea65c2460b4aa1962aefe083c7f3d0da65f1230ea9140f58affc43,Bang!,AJR,,,,4,4,5,,,4,,,2026-07-06T05:12:10.339+00:00,heuristic_or_llm_inferred,missing_bpm
e2140d5b95c19d0bbe5aca4798f8e741cd7c17ff787986acbc52a634fc688f49,Woman,Doja Cat,,,,5,5,4,,,4,,,2026-07-06T04:57:23.009+00:00,heuristic_or_llm_inferred,missing_bpm
e21f8c4a654e70eaca572a3b6b4fcd5771e472094565be4d7857c7f5bb57a882,唯一,G.E.M. 邓紫棋,,,,3,3,4,,,4,,,2026-07-06T05:12:11.036+00:00,heuristic_or_llm_inferred,missing_bpm
e353128c20dcff27d5c0cfa2613a478992515c2198cd3e5b62fd0e3e8ba88480,In The Stars,Benson Boone,,,,3,3,3,,,4,,,2026-07-06T05:07:29.425+00:00,heuristic_or_llm_inferred,missing_bpm
e3810e0d826a6affd5c8247cfda9bd92fb00408fcef8d2ebb3dabbdd266dc77e,EASY,LE SSERAFIM,,,,4,4,3,,,4,,,2026-07-06T04:58:14.047+00:00,heuristic_or_llm_inferred,missing_bpm
e70a38df417d2ad0c3154d44ee996aae43893ef762a1964ccf5b5e9dfc5a5691,Genesis.,RAYE,,,,5,5,4,,,4,,,2026-07-06T04:56:59.694+00:00,heuristic_or_llm_inferred,missing_bpm
e81d4452199a823dcf04c2556b098941519b3ddc911a1338ba5f36d4444cbfb9,Illusion,Dua Lipa,,,,5,5,4,,,4,,,2026-07-06T04:56:39.441+00:00,heuristic_or_llm_inferred,missing_bpm
eae191d96b2c78fbf5fd84b9695ff56c7fe33d73468e2bf4bb1ea8a6be239130,死ぬのがいいわ,藤井 風,,,,3,3,3,,,4,,,2026-07-06T05:11:31.415+00:00,heuristic_or_llm_inferred,missing_bpm
eb411fe97f00a4f93b49ae26436ac1d7e158c95c12b937a1654f4d3cbdb2bb16,壁上观,一棵小葱、张曦匀,,,,3,3,3,,,4,,,2026-07-06T05:12:47.642+00:00,heuristic_or_llm_inferred,missing_bpm
ebc66e824361b22d4c3a4cb2f25780b8c981676089506c714f65e768b4a80bae,Slumber Party,Ashnikko;Princess Nokia,,,,3,3,3,,,4,,,2026-07-06T04:57:28.188+00:00,heuristic_or_llm_inferred,missing_bpm
ed1a95a83258352003cf3fca8e47b6e96edcd9eda4364c524c71ccb71d2cf2e0,Turn Down For What,DJ Snake;Lil Jon,,,,5,3,3,,,4,,,2026-07-06T05:09:32.299+00:00,heuristic_or_llm_inferred,missing_bpm
ee21a86303b8fdcef481a1caec9aa99ad5d45c52441d405f0930322b3c32fc4e,Agora Hills (Explicit),Doja Cat,,,,5,5,4,,,4,,,2026-07-06T04:57:53.466+00:00,heuristic_or_llm_inferred,missing_bpm
ee5ab277320b432637e0a2b997010805f9cf826d748ddfd6018935f08d6b9336,Pink Pony Club,Chappell Roan,,,,4,3,3,,,4,,,2026-07-06T05:10:06.298+00:00,heuristic_or_llm_inferred,missing_bpm
f0de9677a23cf0e7f00d4fa0bee396f3e938950d5c7ae933bbcddf62b42c0ed4,Padam Padam,Kylie Minogue,,,,5,5,4,,,4,,,2026-07-06T04:57:31.757+00:00,heuristic_or_llm_inferred,missing_bpm
f28a0bcb852678d92b9c4a41e024934fcbbb57adafc64b95bb55aab200ce4472,Break My Heart,Dua Lipa,,,,5,5,4,,,4,,,2026-07-06T04:56:43.085+00:00,heuristic_or_llm_inferred,missing_bpm
f3cc9a15711febb8af9191ef7b308b0edc8dcaa39fce335a8fba6a2373dae081,Snowman,Sia,,,,3,3,3,,,4,,,2026-07-06T04:58:00.739+00:00,heuristic_or_llm_inferred,missing_bpm
f5d0f0cfab0b8bd175c72951196963d43279e2fb82c9255ddf645bd5cc151efc,Love Hangover (feat. Dominic Fike)(Explicit),JENNIE;Dominic Fike,,,,5,5,4,,,4,,,2026-07-06T04:56:50.257+00:00,heuristic_or_llm_inferred,missing_bpm
f638cb26e87f1e4b6b0996a1f8fa138f700458ebf4750383607327a4eec01d97,obsessed (Explicit),Olivia Rodrigo,,,,4,4,3,,,4,,,2026-07-06T05:06:59.008+00:00,heuristic_or_llm_inferred,missing_bpm
f712086732d3f64b85d72edec00bc01be17b909ac64b6b199c9174d7bc437eee,Baddie,IVE,,,,4,4,3,,,4,,,2026-07-06T04:56:35.672+00:00,heuristic_or_llm_inferred,missing_bpm
f7c7c89a951af2ac21ee44dfd32f0e02d6a364ec8b3a6d2663c728b914b0df17,Sweetest Pie,Megan Thee Stallion;Dua Lipa,,,,5,5,4,,,4,,,2026-07-06T04:56:37.141+00:00,heuristic_or_llm_inferred,missing_bpm
f87b1ed58714ddd385b06348fcabdc8666484122d28292bf48800ec920851343,KICK BACK,米津玄師,,,,4,3,3,,,4,,,2026-07-06T05:08:32.328+00:00,heuristic_or_llm_inferred,missing_bpm
f87c90eef35334df358d46210a16af44107a9c9eb73160577965a4717df168ea,Flowers,Miley Cyrus,,,,5,5,4,,,4,,,2026-07-06T04:58:11.364+00:00,heuristic_or_llm_inferred,missing_bpm
f8d19330d4725bcc59b1e727dd8cecdfc5dc687dd93e8d52fa21ad22879609ec,Reckless,Madison Beer,,,,5,5,4,,,4,,,2026-07-06T04:57:04.923+00:00,heuristic_or_llm_inferred,missing_bpm
f8e76d6247b036e70083597003efe6e7ce6554aadf24b938e3bb111a95a9fb92,Houdini,Dua Lipa,,,,5,5,4,,,4,,,2026-07-06T04:57:38.794+00:00,heuristic_or_llm_inferred,missing_bpm
f92acf22fa1995e8270ae5124cfb975e7e4add863a4c0180c73929dc1445085d,Lavender Haze (Explicit),Taylor Swift,,,,4,3,3,,,4,,,2026-07-06T05:10:07.462+00:00,heuristic_or_llm_inferred,missing_bpm
f9b5cc0f4c79ebf9e7257bdc04e6fba312d6f39c03fa2aed60c25557c83fada8,BOYSHIT,Madison Beer,,,,5,5,4,,,4,,,2026-07-06T04:57:08.512+00:00,heuristic_or_llm_inferred,missing_bpm
f9ec0752aec6529736429c4fca5d9eb0adbdbe62102e3bced9ccd347aafe64a1,New Woman (ft. ROSALíA),LISA;ROSALÍA,,,,5,5,4,,,4,,,2026-07-06T04:56:48.839+00:00,heuristic_or_llm_inferred,missing_bpm
f9f504f9b73657ba15efd07a2fa53f42667fc95d5aa25ca05ff2201b48587118,You should be sad,Halsey,,,,3,3,3,,,4,,,2026-07-06T04:56:54.213+00:00,heuristic_or_llm_inferred,missing_bpm
fb9bbbac28b3e2b1225051788a750797f20e618bec287b314af3e40f4abf34e6,Oxytocin,Billie Eilish,,,,3,3,3,,,4,,,2026-07-06T05:11:27.869+00:00,heuristic_or_llm_inferred,missing_bpm
fd02a6acac031770e0afe8fef623f8b13c1937287e8b230dd80b7a80c2c5a6a5,别让爱凋落 (Live),王赫野、喻言,,,,3,3,3,,,4,,,2026-07-06T04:57:20.852+00:00,heuristic_or_llm_inferred,missing_bpm
ffb00e668022db8393e7bb7ab1de20e78b4c6267a0e0a6e51f6e08c649ca4e4d,help herself,bbno$;Diamond Pistols,,,,4,3,4,,,4,,,2026-07-06T04:57:06.764+00:00,heuristic_or_llm_inferred,missing_bpm
ffb941b0e5447e79df6ec49a363df74091062a02ea9e87588e9c371c89e825d7,Cruel Summer,Taylor Swift,,,,4,3,3,,,4,,,2026-07-06T05:09:04.482+00:00,heuristic_or_llm_inferred,missing_bpm
ffe9939924793888b71940f679a6192679c4950bfbd1ffe5f262d74e33019935,Training Season,Dua Lipa,,,,5,5,4,,,4,,,2026-07-06T04:56:37.688+00:00,heuristic_or_llm_inferred,missing_bpm
